{
  "accuracy": 0.5155,
  "precision": 0.6083413231064237,
  "recall": 0.5309623430962344,
  "f1": 0.5670241286863271,
  "roc_auc": 0.504739598222407,
  "threshold": 0.5,
  "confusion_matrix": [
    [
      793,
      817
    ],
    [
      1121,
      1269
    ]
  ]
}