{
  "accuracy": 0.49875,
  "precision": 0.5290900049726505,
  "recall": 0.5014137606032045,
  "f1": 0.5148802322767965,
  "roc_auc": 0.49879752559273055,
  "threshold": 0.5,
  "confusion_matrix": [
    [
      931,
      947
    ],
    [
      1058,
      1064
    ]
  ]
}