{
  "accuracy": 0.489,
  "precision": 0.4936644703497212,
  "recall": 0.48241703813769193,
  "f1": 0.4879759519038076,
  "roc_auc": 0.4936719288915825,
  "threshold": 0.5,
  "confusion_matrix": [
    [
      982,
      999
    ],
    [
      1045,
      974
    ]
  ]
}