{
  "accuracy": 0.50775,
  "precision": 0.689108910891089,
  "recall": 0.5093304061470911,
  "f1": 0.5857353250578582,
  "roc_auc": 0.5083978997958536,
  "threshold": 0.5,
  "confusion_matrix": [
    [
      639,
      628
    ],
    [
      1341,
      1392
    ]
  ]
}