{
  "accuracy": 0.52425,
  "precision": 0.6524017467248908,
  "recall": 0.5743944636678201,
  "f1": 0.6109180126763443,
  "roc_auc": 0.5012315876749444,
  "threshold": 0.5,
  "confusion_matrix": [
    [
      603,
      796
    ],
    [
      1107,
      1494
    ]
  ]
}